haussmann,ascenseur,orientation_sud,wc_separes,salon,cuisine,metro_proche,refait_recemment,mezzanine,calme,digicode,videophone,chauffage_electrique,chauffage_individuel,chauffage_collectif,chauffage_sol,ecoles_proches,commerces_proches,sur_cour,vue_toits,porte_blindee,poutres_apparentes,parquet,baignoire,cuisine_moderne,cuisine_americaine,cuisine_equipee,sans_vis_a_vis,balcon,cinemas_proches,cheminee,prevoir_travaux,parking,cave,rangements,immeuble_pierre,gardien,dressing,lumineux,moulures,double_vitrage,ravalements_recents,buanderie,chauffage_gaz,parking_public_proche,debarras,jardin,maison,appartement,entree,plan_etoile,traversant,terrasse,piscine,terrains_sport_proches,meuble,etat_general,etat_copropriete,studio,dernier_etage,local_velos,seloger,explorimmo,fnaim,laforet,pap,paruvendu,coordonnees_precises,surface_q,coordonnee_x_q,coordonnee_y_q,arrondissement_q,etage_q,nombre_etages_q,nombre_pieces_q,nombre_salles_de_bains_q,nombre_WC_q,nombre_chambres_q,date_refection_q,charges_q,nombre_fenetres_q,surface_balcon_q,date_construction_q,hauteur_plafond_q,taxe_fonciere_q,date_ravalement_q,honoraires_q,terrasse_surface_q,piscine_taille_q,classification_energie_q,prix
,,,,,1,,,,1,,,,1,,,,,1,,,,1,,,1,1,,,,,,,,,,,1,,,,,,,,,1,1,,1,,,,,,,,,,,,1,,,,,,0,68,23990,488651,20,1,,6,2,2,4,,,,,,,,,,,,,3000
,1,,1,,1,,,,1,,,,,,,,,,,,,,1,,1,1,,,,,,1,1,1,,,1,1,,,,1,,,,1,1,,1,,,1,,,1,,,,,,1,,,,,,1,179,23175,488575,7,1,3,5,2,4,4,,,,,,,,,,,,,17000
,,,,,1,,,,,,,,1,,,,,,,,,,,,,1,,,,,,,,,,,,,,,,,,,,,1,,,,,1,,,1,,,,,,1,,,,,,1,110,23254,488230,14,,,3,,1,2,,,,,,,,,,,,,3000
,1,,1,,1,,,,1,,,,,,,,,,,,,,1,,1,1,,,,,,1,1,1,,,1,1,,,,1,,,,1,1,,1,,,1,,,1,,,,,,1,,,,,,1,179,23175,488575,7,1,3,5,2,4,4,,,,,,,,,,,,,17000
,1,,1,,1,,,,1,,,,,,,,,,,,,,1,,1,1,,,,,,1,1,1,,,1,1,,,,1,,,,1,1,,1,,,1,,,1,,,,,,1,,,,,,1,179,23175,488575,7,1,3,5,2,4,4,,,,,,,,,,,,,17000
,,,,,1,,,,,,,,1,,,,,,,,,,,,,1,,,,,,,,,,,,,,,,,,,,,1,,,,,1,,,1,,,,,,1,,,,,,1,110,23254,488230,14,,,3,,1,2,,,,,,,,,,,,,3000
,,,1,,1,,,,1,,,,,,,,,,,,,,,,,,,,,1,,,,1,,,,1,,,,,,,,,1,,,,,,,,1,,,,,,1,,,,,,1,110,23212,488486,7,1,,4,1,1,2,,,,,,,,,,,,,2000
,,,,1,1,,,,1,,,,,,,,,,,,,,,,,,,,,1,,,1,,,,,,,,,,,,,1,1,,1,,,,,,,,,,,,1,,,,,,1,190,23132,488612,7,,,7,1,,4,,,,,,,,,,,,,6000
,,,1,1,1,,,,1,,,1,,,,,,,,,,1,,,,1,,,,,,1,1,1,,,,,,,,,,,,1,1,,1,,,1,,,,,,,,,1,,,,,,1,154,23046,488838,17,,3,6,2,3,4,,,,,2000,,,,,,,,5000
,,,1,1,1,,,,1,,,,,,,,,,,,,,,,,1,,,,,,1,,,,,,,,,,1,,,,1,1,,1,,,,,,1,,,,,,1,,,,,,1,120,23036,488840,17,,,4,1,2,2,,,,,2010,,,,,,,,4000
,1,,1,,1,,,,1,,,,,,,,,,,,,,1,,1,1,,,,,,1,1,1,,,1,1,,,,1,,,,1,1,,1,,,1,,,1,,,,,,1,,,,,,1,179,23175,488575,7,1,3,5,2,4,4,,,,,,,,,,,,,17000
,,,,,1,,,,1,,,,1,,,,,,,,,1,1,,,,,,,1,,,1,1,,,1,1,1,1,,1,,,,1,1,,1,,,1,,,,,,1,,,1,,,,,,0,285,23879,488410,12,1,,7,1,4,5,,,,,,,,,,,,,7000
,,1,,,1,,,,1,,,,1,,,,,,,,,,,,1,,,,,,,,1,,,,,1,,,,1,,,,1,1,,,,,,,,1,,,1,,,1,,,,,,1,274,23360,488881,18,,3,11,3,4,8,,,,,1855,,,,,,,,8000
,,1,,1,1,,,1,,,,,1,,,,,,,,,,,,,,,1,,,,1,1,,,,1,,,,,1,,,,1,1,,1,,,1,,,1,,,,,,1,,,,,,1,475,22635,488444,16,,,15,5,4,7,,,,,,,,,,,,,15000
1,,,,,1,,,,,,,,,,,,,,,,,,,,1,,,,,,,,,,,,,1,,,,,,,,,1,,,,,,,,1,,,,,,1,,,,,,0,93,23221,488844,17,,2,4,2,1,2,,,,,,,,,,,,,2000
,,,,,1,,,,,,,,1,,,,,,,,,,,,,1,,,,,,,,,,,,,,,,,,,,,1,,,,,1,,,1,,,,,,1,,,,,,1,110,23254,488230,14,,,3,,1,2,,,,,,,,,,,,,3000
,1,,1,,1,,,,1,,,,,,,,,,,,,,1,,1,1,,,,,,1,1,1,,,1,1,,,,1,,,,1,1,,1,,,1,,,1,,,,,,1,,,,,,1,179,23175,488575,7,1,3,5,2,4,4,,,,,,,,,,,,,17000
,,1,,,1,,,,,,,,,,,,,,,,,,,,,,,,,,,,,,,,,,,1,,1,,,,1,1,,1,,,,,,,,,,,,1,,,,,,,128,,,,,,6,,,4,,,,,,,,,,,,,2000
,,,1,,1,,,,1,,,,1,,,,,,,,,,,,,,,,,,,,1,1,,,,,,,,1,,,,,1,,,,,,,,,,,,,,1,,,,,,1,204,23267,488283,14,,2,6,1,4,5,,,,,,,,,,,,,5000
,,,,1,,,,,,,,,1,,,,,,,,,,,,,,,,,,,,,,,,,,,,,,,,,1,1,,,,,,,,,,,,,,1,,,,,,,173,,,,,,6,1,3,4,,,,,,,,,,,,,3000
,,,,1,1,,,,1,,,,,,,,,,,,,,,,,,,,,1,,,1,,,,,,,,,,,,,1,1,,1,,,,,,,,,,,,1,,,,,,1,190,23132,488612,7,,,7,1,,4,,,,,,,,,,,,,6000
,,,1,,1,,,,1,,,,,,,,,,,,,,,,,,,,,1,,,,1,,,,1,,,,,,,,,1,,,,,,,,1,,,,,,1,,,,,,1,110,23212,488486,7,1,,4,1,1,2,,,,,,,,,,,,,2000
,,,1,1,1,,,,1,,,,1,,,,,,,,,,,,,,,,,,,,1,1,,,,,,1,,,,,,,1,,1,,,,,,,,,,,,1,,,,,,,63,,,,,,4,1,2,3,,,,,,,,,,,,,1000
,,,1,,1,,,,1,,,1,,,,,,,,,,1,1,,1,1,,,,,,,,,,,,,,1,,,,,,,1,,,,,,,,,,,,,,1,,,,,,1,90,24162,488797,,,,4,1,2,3,,,,,,,,,,,,,2000
,,,,,1,,,,1,,,,1,,,,,,,,,,,,1,,,,,,,,,,,,,,,,,,,,,,1,,,,,,,,,,,,,,1,,,,,,,45,,,,,,2,,1,1,,,,,,,,,,,,,0
,,,,1,1,,,1,,,,,1,,,,,,,,,,,,,,,,,,,,,1,,,1,,,,,,,,,,1,,,,,,,,,,,,,,1,,,,,,0,130,23268,488329,14,1,3,7,1,1,5,,,,,1860,,,,,,,,4000
,,,,,1,,,,1,,,,,,,,,,,,,,,,1,,,,,,,,,,,,,,,,,,,,,1,1,,,,,1,,,,,,,,,1,,,,,,1,110,23059,488275,,,,4,1,1,3,,,,,,,,,,,,,2000
,,,1,,1,,,,,,,,,,,,,,,,,,1,,,,,,,,,,,,,,1,,,,,,,,,1,1,,1,,1,1,,,,,,,,,1,,,,,,0,225,23990,488651,20,1,3,8,,,6,,,,,,,,,,,,,4000
,,,1,,1,,,,1,,,,,,,,,,,,,,,,,,,,,1,,,,1,,,,1,,,,,,,,,1,,,,,,,,1,,,,,,1,,,,,,1,110,23212,488486,7,1,,4,1,1,2,,,,,,,,,,,,,2000
,,,,,1,,,,1,,,,1,,,,,1,,,,1,,,1,1,,,,,,,,,,,1,,,,,,,,,1,1,,1,,,,,,,,,,,,1,,,,,,0,68,23990,488651,20,1,,6,2,2,4,,,,,,,,,,,,,3000
,,,1,,1,,,,,,,,,,,,,,,,,,,,,,,,,,,,,,,,,,,,,,,,,1,1,,,,,,,,,,,,,,1,,,,,,1,50,24162,488797,,,,3,1,1,2,,,,,,,,,,,,,1000
,,,,,1,,,,1,,,,,,,,,1,,,,1,,,,,,,,,,,1,,,,1,1,,,,,1,,,,1,,,,,,,,,,,,,,1,,,,,,1,98,23174,488344,14,1,,3,,1,2,,,,,,,,,,,,,1000
,,,,,1,,,,1,,,,1,,,,,1,,,,1,,,1,1,,,,,,,,,,,1,,,,,,,,,1,1,,1,,,,,,,,,,,,1,,,,,,0,68,23990,488651,20,1,,6,2,2,4,,,,,,,,,,,,,3000
,,,,1,1,,,,,,,,,,,,,,,,,,,,,,,,,,,,,,,,,,,,,,,,,1,1,,,,,,,,1,,,,,,1,,,,,,1,18,23360,488881,18,,,5,1,,3,,,,,,,,,,,,,0
,,,1,,1,,,,,,,,,,,,,,,,,,1,,,,,,,,,,,,,,1,,,,,,,,,1,1,,1,,1,1,,,,,,,,,1,,,,,,0,225,23990,488651,20,1,3,8,,,6,,,,,,,,,,,,,4000
,,1,,,1,,,,1,,,,1,,,,,,,,,,,,1,,,,,,,,1,,,,,1,,,,1,,,,1,1,,,,,,,,1,,,1,,,1,,,,,,1,274,23360,488881,18,,3,11,3,4,8,,,,,1855,,,,,,,,8000
,,,,1,1,,,,,,,,,,,,,,,,,,,,,,,,,,,,,,,,,,,,,,,,,1,1,,,,,,,,1,,,,,,1,,,,,,1,18,23360,488881,18,,,5,1,,3,,,,,,,,,,,,,0
,,,1,1,1,,,,1,,,1,,,,,,,,,,1,,,,1,,,,,,1,1,1,,,,,,,,,,,,1,1,,1,,,1,,,,,,,,,1,,,,,,1,154,23046,488838,17,,3,6,2,3,4,,,,,2000,,,,,,,,5000
,,,1,1,1,,,,1,,,,,,,,,,,,,,,,,1,,,,,,1,,,,,,,,,,1,,,,1,1,,1,,,,,,1,,,,,,1,,,,,,1,120,23036,488840,17,,,4,1,2,2,,,,,2010,,,,,,,,4000
,,,,,1,,,,1,,,,1,,,,,1,,,,1,,,1,1,,,,,,,,,,,1,,,,,,,,,1,1,,1,,,,,,,,,,,,1,,,,,,0,68,23990,488651,20,1,,6,2,2,4,,,,,,,,,,,,,3000
,,,1,,1,,,,,,,,,,,,,,,,,,1,,,,,,,,,,,,,,1,,,,,,,,,1,1,,1,,1,1,,,,,,,,,1,,,,,,0,225,23990,488651,20,1,3,8,,,6,,,,,,,,,,,,,4000
,1,,1,,1,,,,1,,,,,,,,,,,,,,1,,1,1,,,,,,1,1,1,,,1,1,,,,1,,,,1,1,,1,,,1,,,1,,,,,,1,,,,,,1,179,23175,488575,7,1,3,5,2,4,4,,,,,,,,,,,,,17000
,,1,,,1,,,,1,,,,1,,,,,,,,,,,,1,,,,,,,,1,,,,,1,,,,1,,,,1,1,,,,,,,,1,,,1,,,1,,,,,,1,274,23360,488881,18,,3,11,3,4,8,,,,,1855,,,,,,,,8000
,,,,1,1,,,,1,,,,,,,,,,,,,,,,,,,,,,,,1,,,,,,,,,1,,,,,1,,1,,,1,,,,,,,,,1,,,,,,1,75,23136,488943,,,,4,1,,2,,,,,,,,,,,,,1000
,,,,1,1,,,,1,,,,,,,,,,,,,,,,,,,,,1,,,1,,,,,,,,,,,,,1,1,,1,,,,,,,,,,,,1,,,,,,1,190,23132,488612,7,,,7,1,,4,,,,,,,,,,,,,6000
,,,,1,1,,,,,,,,,,,,,,,,,,,,,,,,,,,,,,,,,,,,,,,,,1,1,,,,,,,,1,,,,,,1,,,,,,1,18,23360,488881,18,,,5,1,,3,,,,,,,,,,,,,0
,,,1,,1,,,,1,,,,,,,,,,,,,,,,,,,,,1,,,,1,,,,1,,,,,,,,,1,,,,,,,,1,,,,,,1,,,,,,1,110,23212,488486,7,1,,4,1,1,2,,,,,,,,,,,,,2000
,,,1,,1,,,,1,,,,,,,,1,,,,,,,,1,,,,,,,,,,,,,,,,,,,,,,1,,,,,,,,,,,,,,1,,,,,,,65,,,,,,3,1,1,2,,,,,,,,,,,,,1000
,,,1,,1,,,,1,,,,,,,,,,,,,,,,,,,,,1,,,,1,,,,1,,,,,,,,,1,,,,,,,,1,,,,,,1,,,,,,1,110,23212,488486,7,1,,4,1,1,2,,,,,,,,,,,,,2000
,,,1,,1,,,,1,,,,,,,,,,,,,,,,,,,,,1,,,,1,,,,1,,,,,,,,,1,,,,,,,,1,,,,,,1,,,,,,1,110,23212,488486,7,1,,4,1,1,2,,,,,,,,,,,,,2000
,,,,1,1,,,,1,,,,,,,,,,,,,,,,,,,,,1,,,1,,,,,,,,,,,,,1,1,,1,,,,,,,,,,,,1,,,,,,1,190,23132,488612,7,,,7,1,,4,,,,,,,,,,,,,6000
,,,1,,1,,,,1,,,,,,,,,,,,,,,,,,,,,1,,,,1,,,,1,,,,,,,,,1,,,,,,,,1,,,,,,1,,,,,,1,110,23212,488486,7,1,,4,1,1,2,,,,,,,,,,,,,2000
,,,1,,1,,,,1,,,,1,,,,,,,,,,,,,,,,,,,,1,1,,,,,,,,1,,,,,1,,,,,,,,,,,,,,1,,,,,,1,204,23267,488283,14,,2,6,1,4,5,,,,,,,,,,,,,5000
,,,,1,1,,,1,,,,,1,,,,,,,,,,,,,,,,,,,,,1,,,1,,,,,,,,,,1,,,,,,,,,,,,,,1,,,,,,0,130,23268,488329,14,1,3,7,1,1,5,,,,,1860,,,,,,,,4000
,,,,,1,,,,1,,,,,,,,,1,,,,1,,,,,,,,,,,1,,,,1,1,,,,,1,,,,1,,,,,,,,,,,,,,1,,,,,,1,98,23174,488344,14,1,,3,,1,2,,,,,,,,,,,,,1000
1,,,,,1,,,,,,,,,,,,,,,,,,,,1,,,,,,,,,,,,,1,,,,,,,,,1,,,,,,,,1,,,,,,1,,,,,,0,93,23221,488844,17,,2,4,2,1,2,,,,,,,,,,,,,2000
,,,,,1,,,,1,,,,1,,,,,,,,,1,1,,,,,,,1,,,1,1,,,1,1,1,1,,1,,,,1,1,,1,,,1,,,,,,1,,,1,,,,,,0,285,23879,488410,12,1,,7,1,4,5,,,,,,,,,,,,,7000
,,,1,,1,,,,1,,,,1,,,,,,,,,,,,,,,,,,,,1,1,,,,,,,,1,,,,,1,,,,,,,,,,,,,,1,,,,,,1,204,23267,488283,14,,2,6,1,4,5,,,,,,,,,,,,,5000
,,,,1,1,,,,1,,,,,,,,,,,,,,,,,,,,,1,,,1,,,,,,,,,,,,,1,1,,1,,,,,,,,,,,,1,,,,,,1,190,23132,488612,7,,,7,1,,4,,,,,,,,,,,,,6000
,,,,1,1,,,1,,,,,1,,,,,,,,,,,,,,,,,,,,,1,,,1,,,,,,,,,,1,,,,,,,,,,,,,,1,,,,,,0,130,23268,488329,14,1,3,7,1,1,5,,,,,1860,,,,,,,,4000
,,,1,,1,,,,1,,,,,,,,,,,,,,,,,,,,,1,,,,1,,,,1,,,,,,,,,1,,,,,,,,1,,,,,,1,,,,,,1,110,23212,488486,7,1,,4,1,1,2,,,,,,,,,,,,,2000
,,,,,,,,,,,,,,,,,,,,,,,,,,,,,,,,1,,,,,,,,,,,,,,,1,,,,,,,,,,,,,,1,,,,,,1,154,22972,488845,17,,,5,3,,4,,,,,,,,,,,,,5000
,,,,,1,,,,1,,,,,,,,,1,,,,1,,,,,,,,,,,1,,,,1,1,,,,,1,,,,1,,,,,,,,,,,,,,1,,,,,,1,98,23174,488344,14,1,,3,,1,2,,,,,,,,,,,,,1000
,,1,,,1,,,,1,,,,1,,,,,,,,,,,,1,,,,,,,,1,,,,,1,,,,1,,,,1,1,,,,,,,,1,,,1,,,1,,,,,,1,274,23360,488881,18,,3,11,3,4,8,,,,,1855,,,,,,,,8000
,,,1,,1,,,,1,,,,,,,,,,,,,,,,,,,,,1,,,,1,,,,1,,,,,,,,,1,,,,,,,,1,,,,,,1,,,,,,1,110,23212,488486,7,1,,4,1,1,2,,,,,,,,,,,,,2000
,,,,1,1,,,,,,,,,,,,,,,,,,,,,,,,,,,,,,,,,,,,,,,,,1,1,,,,,,,,1,,,,,,1,,,,,,1,18,23360,488881,18,,,5,1,,3,,,,,,,,,,,,,0
,,,1,,1,,,,,,,,,,,,,,,,,,1,,,,,,,,,,,,,,1,,,,,,,,,1,1,,1,,1,1,,,,,,,,,1,,,,,,0,225,23990,488651,20,1,3,8,,,6,,,,,,,,,,,,,4000
,,,,1,1,,,,1,,,,,,,,,,,,,,,,,,,,,1,,,1,,,,,,,,,,,,,1,1,,1,,,,,,,,,,,,1,,,,,,1,190,23132,488612,7,,,7,1,,4,,,,,,,,,,,,,6000
,,,1,,1,,,,1,,,,,,,,,,,,,,,,,,,,,1,,,,1,,,,1,,,,,,,,,1,,,,,,,,1,,,,,,1,,,,,,1,110,23212,488486,7,1,,4,1,1,2,,,,,,,,,,,,,2000
,,,,,1,,,,1,,,,1,,,,,1,,,,1,,,1,1,,,,,,,,,,,1,,,,,,,,,1,1,,1,,,,,,,,,,,,1,,,,,,0,68,23990,488651,20,1,,6,2,2,4,,,,,,,,,,,,,3000
,,,1,,1,,,,1,,,,1,,,1,,,,,,,,,1,,,1,,,,1,1,,,,1,1,,,,1,,,1,1,1,,1,,,1,,,,,,,,,1,,,,,,1,220,22635,488444,16,1,,9,1,3,5,,,,,1990,,,,,,,,8000
,,,1,,1,,,,1,,,,,,,,,,,,,,,,,,,,,1,,,,1,,,,1,,,,,,,,,1,,,,,,,,1,,,,,,1,,,,,,1,110,23212,488486,7,1,,4,1,1,2,,,,,,,,,,,,,2000
,,,1,,1,,,,1,,,,,,,,,,,,,,,,,,,,,1,,,,1,,,,1,,,,,,,,,1,,,,,,,,1,,,,,,1,,,,,,1,110,23212,488486,7,1,,4,1,1,2,,,,,,,,,,,,,2000
,,,1,,1,,,,,,,,,,,,,,,,,,1,,,,,,,,,,,,,,1,,,,,,,,,1,1,,1,,1,1,,,,,,,,,1,,,,,,0,225,23990,488651,20,1,3,8,,,6,,,,,,,,,,,,,4000
,,,,,,,,,,,,,,,,,,,,,,,,,,,,,,,,1,,,,,,,,,,,,,,,1,,,,,,,,,,,,,,1,,,,,,1,154,22972,488845,17,,,5,3,,4,,,,,,,,,,,,,5000
,,,,,1,,,,,,,,,,,,,,,,,,,,,,,,,,,,1,,1,,,,,,,,,,,,1,,1,,,1,,,,,,,,,,1,,,,,1,65,23249,488553,7,1,,4,,,3,,,,,,,,,,,,,2000
,,,,1,1,,,,1,1,,,,,,,,,,,,,,,,,,,,1,,,1,,,,,,,,,,,,,1,1,,1,,,1,,,,,,,,,,1,,,,,1,200,23132,488612,7,,,7,,,4,,,,,,,,,,,,,6000
,1,,,,,,,,,,,,,,,,,,,,,1,,,,,,1,,,,1,,,,,,,,,,,,,,1,1,,,,,,,,,,,,,,,1,,,,,0,588,23178,488778,8,,,13,2,,10,,,,,,,,,,,,,22000
,,,,,,,,,,,,,,,,,,,,,,,,,,,,,,,,,,,,,,,,,,,,,,,1,,,,,,,,,,,1,,,,1,,,,,0,79,23178,488778,8,,,1,,,,,,,,,,,,,,,,3000
,,,,,,,,,,,,,,,,,,,,,,,,,,,,,,,,,,,,,,,,,,,,,,,1,,,,,,,,,,,1,,,,1,,,,,0,8,23555,488323,13,,,1,,,,,,,,,,,,,,,,0
,,,,,,,,,,,,,,,,,,,,,,,,,,,,,,,,,,,,1,,,,,,,,,1,,1,,,,,,,,,,,,,,,1,,,,,0,40,23268,488329,14,,,2,,,1,,,,,,,,,,,,,1000
,,,,,1,,,,1,,,,,,,,,,,,,1,,,,,,,,,,1,,,,,,1,,,,,,,,,1,,,,,,,,,,,,,,,1,,,,,1,220,22968,488374,15,,2,9,3,2,6,,,,,,,,,,,,,5000
,,,,,1,,,,,,,,,,,,,,,,,,,,,,,,,1,,1,,,,,1,,,,,,,,,1,1,,1,,1,1,,,1,,,,,,,1,,,,,0,332,22761,488628,16,1,,9,,,4,,,,,,,,,,,,,13000
,,,,1,1,,,,,,,,,,,,,,,,,,,,,,,,,1,,1,,,,,1,,,,,,,,,1,1,,1,,,1,,,1,,,,,1,,1,,,,,0,300,22761,488628,16,,,9,,,5,,,,,,,,,,,,,13000
,,,,,1,,,,1,,,,,,,,,,,,,1,,,,,,,,1,,1,1,,,,1,1,1,,,1,,,,1,1,,,,,,,,,,,1,1,,,1,,,,,0,405,22761,488628,16,,,9,,,5,,,,,,,,,,,,,16000
,,,1,,1,,,,,,,,,,,,,,,,,,,,1,,,1,,,,1,1,,,,1,1,,,,1,,,1,1,1,,1,,,1,,,,,,,,,,1,,,,,1,220,22635,488444,16,1,,9,,,5,,,,,,,,,,,,,8000
,,,,1,1,,,,1,,,,,,,,,,,,,,,,,,,,,,,,,,,,,,,,,,,,,,1,,,,,,,,,1,,,,,,1,,,,,0,150,22761,488628,16,,,6,,,4,,,,,,,,,,,,,4000
,,,1,1,1,,,,1,1,,,,,,,,,,,,1,,,1,1,,,,,,1,,,,,,,,,,,,,,1,1,,1,,,1,,,1,,,,,,,1,,,,,0,220,22761,488628,16,,,9,,,5,,,,,,,,,,,,,8000
,,,,1,1,,,,,,,,,,,,,,,,,1,,,,1,,,,1,,1,,,,,1,,,,,,,,,1,1,,1,,,1,,,1,,,,,,,1,,,,,0,350,23221,488844,17,,,10,,,6,,,,,,,,,,,,,12000
,,,,1,1,,,,1,,,,,,,,,,,,,1,,,,1,,,,1,,1,,,,,,1,,,,1,,,,1,1,,,,,1,,,1,,,,,,,1,,,,,1,170,23360,488881,18,,,5,,,4,,,,,,,,,,,,,5000
,,,1,,1,,,,,,,,,,,,,,,,,,1,,,,,,,,,,,,,,,,,,,,,,,1,1,,1,,1,1,,,,,,,,,,1,,,,,0,225,23990,488651,20,1,,8,,,6,,,,,,,,,,,,,4000
,,,,,1,,,,,,,,,,,,,,,,,,,,,1,,,,,,,,,,,,,,,,,,,,1,1,,,,,1,,,1,,,,,,,,,,1,,1,165,24030,488702,20,,,,1,,3,,,,,,,,,,,,,3000
,,,,,1,,,,1,,,1,,,,,,,,,,1,,,,1,,,,,,,,,,,,,,1,,,,,,,1,,,,,,,,,,,,,,,,,,1,,0,28,23990,488651,20,1,,,,,1,,,,,,,,,,,,,0
,,,,1,1,,,,,,,,,,,,,,,,,1,,,,1,,,,,,,,,,,,,,,,1,,,,,1,,,,,,,,,,,,,,,,,,1,,0,109,23990,488651,20,2,,6,,,4,,,,,,,,,,,,,3000
,,,1,1,1,,,,,,,,,,,,,,,,,1,,,,,,,,1,,,,,,,1,,,,,,,,,1,1,,,,,,,,,,,,,,,,,,,1,,300,,,,,,8,,,2,,,,,,,,,,,,,4000
,,,,,,,,,,,,,,,,,,,,,,,,,,,,,,,,,,,,,,,,,,,,,,1,1,,,,,1,,,1,,,,,,,,,,,1,,60,,,,,,2,,,,,,,,,,,,,,,,0
,,,,1,1,,,,,,,,,,,,,,,,,1,,,1,,,1,,1,,1,1,,,,1,,,,,,1,,,1,1,,1,,,1,1,,,,,,,,,,,,,1,,135,,,,,,7,1,,2,,,,,,,,,,,,,1000
,,,,,1,,,,,,,,,,,,,,,,,,,,1,,,,,,,,,,,,,,,,,,,,,,1,,,,,,,,,,,,,,,,,,,1,,72,,,,,,3,,,2,,,,,,,,,,,,,0
,,,,,1,,,,1,,,,,,,,,,,,,,,,,,,,,,,,,,,,,,,,,,,,1,1,1,,,,,,,,,,,,,,,,,,,1,,45,,,,,,2,,,,,,,,,,,,,,,,0
,,,,1,1,,,,,,,,,,,,,,,,,,1,,,1,,,,,,,1,,,,,,,1,,1,,,,1,1,,,,,,,,1,,,,,,,,,,,1,,45,,,,,,3,,,2,,,,,,,,,,,,,1000
,,,1,1,1,,,,,,,,,,,,,,,,,,,,,,,,,,,,,,,,,,,,,,,,,1,1,,,,,,,,,,,,,,,,,,,1,,120,,,,,,7,,,4,,,,,,,,,,,,,1000
,,,,,1,,,1,,,,,,,,,,,,,,1,,,1,,,,,,,,,,,,,,,,,,,,,1,1,,,,,1,,,,,,,,,,,,,,1,,70,,,,,,4,,,2,,,,,,,,,,,,,1000
,,,,1,1,,,,,,,,,,,,,,,,,1,,,,,,,,1,,,,,,,,,,1,,1,,,,1,1,,1,,,,,,,,,,,,,,,,,1,,165,,,,,,7,,,2,,,,,,,,,,,,,3000
,,,,,1,,,,,,,,,,,,,,,,,,,,,,,1,,1,,,,1,,,,,,,,1,,,,1,1,,1,,,1,,,,,,,,,,,,,,1,,144,,,,,,7,,,6,,,,,,,,,,,,,1000
,,,,,1,,,1,,,,,,,,,,,,,,,,,1,,,1,,,,,,,,,,,,,,,,,,,1,,,,,1,,,,,,,,,,,,,,1,,38,,,,,,2,,,,,,,,,,,,,,,,0
,,,,1,1,,,,1,,,1,,,,,,,,,,,,,,1,1,,,1,,1,,,,,,,,,,,,,,1,1,,1,,,,,,1,,,,,,,,,,,1,,118,,,,,,6,1,,3,,,,,,,,,,,,,1000
,,,,,1,,,,,,,,,,,,,,,,,,,,,,,,,,,,,,,,,,,,,1,,,,1,1,,,,,,,,,,,1,,,,,,,,1,,17,,,,,,,,,,,,,,,,,,,,,,0
,,,,,1,,,,,,,,,,,,,,,,,,1,,,,,,,,,,,,,,,,,,,,,,,1,1,,,,,,,,,,,,,,,,,,,1,,90,,,,,,3,,,3,,,,,,,,,,,,,1000
,,,,,,,,,1,,,,,,,,,,,,,,,,,,,,,,,,,,,,,,,,,,,,,,1,,,,,,,,,,,1,,,,,,,,1,,18,,,,,,1,,,,,,,,,,,,,,,,0
,,,,,1,,,,,,,,,,,,,,,,,,,,,1,,1,,,,1,,,,,,,,,,,,,,1,1,,,,,1,,,,,,,,,,,,,,1,,200,,,,,,7,,,3,,,,,,,,,,,,,2000
,,,,,,,,,,,,,,,,,,,,,,,,,,,,,,,,,,,,,,,,,,,,,,,1,,,,,,,,,,,,,,,,,,,1,,55,,,,,,3,,,,,,,,,,,,,,,,0
,,,,,1,,,,,,,,,,,,,,,,,,,,,,,,,,,1,,,,,,,,,,,,,,,1,,,,,,,,,,,,,,,,,,,1,,70,,,,,,3,,,,,,,,,,,,,,,,1000
,,,,,,,,,,,,,,,,,,,,,,,,,,,,,,,,,,,,,,,,,,,,,,1,1,,,,,,,,1,,,,,,,,,,,1,,50,,,,,,2,,,,,,,,,,,,,,,,1000
,,,1,,1,,,1,1,,,,,,,,,,,,,1,,,1,,,,,,,,,,,,,,,,,,,,,1,1,,,,,,,,1,,,,,,,,,,,1,,71,,,,,,2,,,2,,,,,,,,,,,,,1000
,,,1,,1,,,,,,,1,,,,,,,,,,,,,,1,,,,,,,,,,,,,,,,,,,,1,1,,,,,1,,,1,,,,,,,,,,,1,,60,,,,,,3,,,2,,,,,,,,,,,,,1000
,,,,,,,,,,,,,,,,,,,,,,,,,,,,,,,,,,,,,,,,,,,,,,,1,1,,,,,,,,,,,,,,,,,,1,,30,,,,,,3,,,2,,,,,,,,,,,,,0
,,,,,1,,,,,,,,,,,,,,,,,,,,,,,,,,,1,,,,,,,,,,,,,,,1,,,,,,,,1,,,,,,,,,,,1,,60,,,,,,2,,,,,,,,,,,,,,,,0
,,,,1,1,,,,,,,,,,,,,,,,,,,,,,,,,,,,1,,,,,,,,,,,,,1,1,,,,,,,,,,,,,,,,,,,1,,55,,,,,,4,,,2,,,,,,,,,,,,,0
,,,,1,1,,,,1,,,,,,,,,,,,,,,,1,,,,,,,,,,,,,,,1,,,,,,1,1,,,,,,,,,,,,,,,,,,,1,,70,,,,,,4,,,,,,,,,,,,,,,,1000
,,,,1,1,,,,1,,,,,,,,,,,,,,,,,,,,,,,,,,,,,,,,,,,,,1,1,,,,,1,,,,,,1,,,,,,,,1,,100,,,,,,4,,,2,,,,,,,,,,,,,1000
,,,,,1,,,,,,,,,,,,,,,,,,,,,,,,,,,1,,,,,,,,,,,,,,1,1,,1,,,,,,,,,,,,,,,,,1,,91,,,,,,4,,,3,,,,,,,,,,,,,1000
,,,,,,,,,,,,,,,,,,,,,,,,,,,,,,,,,,,,,,,,,,,,,,1,1,,,,,,,,,,,,,,,,,,,1,,100,,,,,,6,,,,,,,,,,,,,,,,1000
,,,,1,1,,,,,,,,,,,,,,,,,,,,,,,,,,,,,,,,1,,,,,,,,,1,1,1,,,,,,,,,,,,,,,,,,1,,53,,,,,,3,,,2,,,,,,,,,,,,,0
,,,,,1,,,,,,,,,,,,,,,,,,,,,,,,,,,,,,,,,,,,,1,,,,,1,,,,,,,,,,,,,,,,,,,1,,62,,,,,,3,,,2,,,,,,,,,,,,,2000
,,1,,,1,,,,1,,,,,,,,,,,,,,,,,1,1,,,1,,,,,,,1,,,,,,,,,1,1,,1,,,,,,,,,,,,,,,,,1,,114,,,,,,5,,,3,,,,,,,,,,,,,2000
,,,,,1,,,,1,,,,,,,,,,,,,,,,,,,,,,,,,,,,,,,,,,,,,,1,,,,,,,,,,,,,,,,,,,1,,45,,,,,,2,,,1,,,,,,,,,,,,,0
,,,,,1,,,,,,,,,,,,,,,,,,,,,,,1,,1,,1,,1,,,1,1,,,,,,,,1,1,,,,,1,,,1,,,,,,,,,,,1,,180,,,,1,,7,,,,,,,,,,,,,,,,2000
,,,,1,1,,,,1,,,,,,,,,,,,,,,,1,,,1,,,,,,,,,,,,,,,,,,1,1,,1,,,1,,,,,,,,,,,,,,1,,140,,,,,,7,,,5,,,,,,,,,,,,,2000
,,,1,,1,,,,,,,,,,,,,,,,,,,,1,,,,,,,1,,,,,1,,,,,,,,,1,1,,1,,,,,,,,,,,,,,,,,1,,166,,,,1,,6,,,2,,,,,,,,,,,,,4000
,,,,,1,,,,,,,,,,,,,,,,,,,,,,,,,,,,,,,,,,,,,,,,,1,1,,,,,1,,,,,,,,,,,,,,1,1,150,24292,488453,,,,4,2,,3,,,,,,,,,,,,,3000
,,,,,1,,,,,,,,,,,,,,,,,,,,,1,,,,,,,,,,,,,,,,,,,,,1,,,,,,,,1,,,,,,,,,,,1,,62,,,,,,3,,,,,,,,,,,,,,,,0
,,,1,,1,,,,,,,,,,,,,,,,,,,,1,,,,,,,1,,,,,1,,,,,1,,,,1,1,,,,,,,,,,,,,,,,,,,1,,167,,,,1,,6,,,2,,,,,,,,,,,,,4000
,,,,,1,,,,,,,,,,,,,,,,,,,,,1,,,,,,,1,,,,1,,,,,,,,,1,1,,,,,1,,,,,,,,,,,,,,1,,39,,,,,,2,,,,,,,,,,,,,,,,0
,,,,,1,,,,,,,,,,,,,,,,,,,,,,,,,,,,,,,,,,,,,,,,,1,1,,,,,,,,,,,,,,,,,,,1,,70,,,,,,3,,,,,,,,,,,,,,,,0
,,,,,1,,,,1,,,,,,,,,,,,,1,,,,1,,,,,,,,,,,,1,,1,,,,,,1,1,,1,,,1,,,1,,,,,,,,,,,1,,90,,,,,,4,,,,,,,,,,,,,,,,0
,,,,,,,,,,,,,,,,,,,,,,,,,,,,,,,,,,,,,,,,,,,,,,1,1,,,,,,,,,,,1,,,,,,,,1,,3800,,,,,,1,,,,,,,,,,,,,,,,2000
,,,,,,,,,,,,,,,,,,,,,,,,,,,,,,,,,,,,,,,,,,,,,,,1,,,,,,,,,,,,,,,,,,,1,0,75,23002,488413,15,,,5,,,,,,,,,,,,,,,,1000
,,,,,,,,,,,,,,,,,,,,,,,,,,,,,,,,,,,,,,,,,,,,,,1,1,,,,,,,,,,,,,,,,,,,1,,80,,,,,,5,,,2,,,,,,,,,,,,,0
,,,,,,,,,,,,,,,,,,,,,,,,,,,,,,,,,,,,,,,,,,,,,,,1,,1,,,,,,1,,,1,,,,,,,,1,0,23,23574,488719,10,5,,,,,,,,,,,,,,,,,,0
,,,1,,1,,,,1,,,,,,,,,,,,,,,,1,1,,,,,,,,,,,,1,,,,,,,,1,1,,1,,1,,,,,1,,,,,,,,,,1,,114,,,,,,4,,,3,,,,,,,,,,,,,1000
,,,,,,,,,,,,,,,,,,,,,,,,,,,,,,,,,,,,,,,,,,,,,,,1,,,,,,,,,,,,,,,,,,,1,,90,,,,,,4,,,,,,,,,,,,,,,,0
,,,,1,1,,,,1,,,,,,,,,,,,,,,,,,,1,,1,,1,,,,,1,,,,,1,,,,1,1,,1,,,1,,,1,,,1,,,,,,,,1,,140,,,,,,6,,,3,,,,,,,,,,,,,2000
,,,,1,1,,,,,,,,,,,,,,,,,,,,,1,,,,,,1,1,,,,,,,,,,,,,,1,,,,,,,,,,,,,,,,,,,1,,140,,,,,,6,2,,4,,,,,,,,,,,,,2000
,,,,,,,,,,,,,,,,,,,,,,,,,,,,,,,,,,,,,,,,,,,,,,,1,,,,,,,,,,,,,,,,,,,1,,56,,,,,,3,,,,,,,,,,,,,,,,0
,,,,,,,,,,,,,,,,,,,,,,,,,,,,,,,,1,,,,,,,,,,,,,,,1,,,,,,,,,,,,,,,,1,,,,1,,23636,488535,4,,,,,,,,,,,,,,,,,,,0
,1,,1,,1,,,,1,,,,,,,,,,,,,1,,,1,,,,,,,,,,,,,,,,,,,,,,1,,1,,,,,,1,,,,,,,,1,,,,,108,,,,3,,5,,,2,,,,,,,,,,,,,3000
,,,,,,,,,,,,,,,,,,,,,,,,,,,,,,,,1,,,,1,,,,,,,,,,,1,,,,,,,,,,,,,,,,1,,,,1,,23644,488537,4,,,,,,,,,,,,,,,,,,,0
,,,1,,1,,,,1,,,,,,,,,,,,1,1,,,1,1,,,,1,,,,,,,,,,,,,,,,1,1,,,,,1,,,1,,,,,,,,1,,,,,140,,,,,,5,,,4,,,,,,,,,,,,,4000
,,,,1,1,,,1,,,,,,,,,,,,,,,,,,,,,,,,,,1,,,1,,,,,,,,,,1,,,,,,,,,,,,,,,,1,,,,0,130,23268,488329,14,1,3,7,,,5,,,,,,,,,,,,,4000
,,,1,1,1,,,,1,,,,,,,,,,,,,1,,,1,1,,,,,,1,,,,,,,,,,,,,,1,1,,1,,,1,,,1,,,,,,,,1,,,,,220,,,,,,9,,,5,,,,,,,,,,,,,7000
